id,name,email,phone,age
1,Spencer Rodriguez,andrealarsen@martinez-martinez.com,+1-234-567-8901,25
2,Joseph Moore,gnelson@caldwell.com,+1-345-678-9012,34
3,Karen Singleton,williamsbenjamin@flores-miller.com,+1-456-789-0123,29
4,Julie Miller,kristina62@kelley.info,+1-567-890-1234,41
5,John Hill,robertsontammy@hotmail.com,+1-678-901-2345,37
6,Erik Valentine,ydelgado@yahoo.com,+1-789-012-3456,22
7,Donald Hopkins,mcintyrechristopher@hotmail.com,+1-890-123-4567,45
8,Melissa Cook,michele76@hudson-smith.com,+1-901-234-5678,30
9,Richard Adams,alexandra18@yahoo.com,+1-012-345-6789,50
10,Edward Allen,welchmartin@hotmail.com,+1-123-456-7890,28
11,Tiffany Johnson,ymurillo@hotmail.com,+1-234-567-8901,33
12,Noah Hernandez,hunterlindsey@gmail.com,+1-345-678-9012,26
13,John Rodriguez,connorcoffey@thomas.com,+1-456-789-0123,39
14,Cynthia Smith,ljones@david.com,+1-567-890-1234,48
15,Elizabeth Morales,fergusonlisa@buckley-vargas.com,+1-678-901-2345,31
16,Zachary Smith,nharris@mccarty-lin.com,+1-789-012-3456,24
17,Kevin Smith,justin05@andrews.com,+1-890-123-4567,36
18,Jennifer Mcdonald,joelmorales@lee.net,+1-901-234-5678,40
19,Joseph Yates MD,williamstheresa@gmail.com,+1-012-345-6789,52
20,Ryan May,sanderskenneth@johnson.com,+1-123-456-7890,27
21,Patricia Brown,tlittle@hotmail.com,+1-234-567-8901,43
22,Francisco Turner,samanthaflynn@gmail.com,+1-345-678-9012,38
23,Brandy Bernard,katherine13@hotmail.com,+1-456-789-0123,29
24,Courtney Cross,umaldonado@hotmail.com,+1-567-890-1234,35
25,Eric Walker,georgeprince@marshall.net,+1-678-901-2345,46
26,Breanna Martinez,schultzashley@hotmail.com,+1-789-012-3456,32
27,Jennifer Jimenez,alison07@yahoo.com,+1-890-123-4567,21
28,Alexandra Macdonald,johnnycopeland@yahoo.com,+1-901-234-5678,49
29,Dr. Steven Moreno,hmoore@simmons-powers.com,+1-012-345-6789,55
30,Curtis Morales,melanieblanchard@gmail.com,+1-123-456-7890,23
31,Brandon Kemp,shortgwendolyn@hotmail.com,+1-234-567-8901,42
32,Theresa Moore,justinharris@yahoo.com,+1-345-678-9012,34
33,Melissa Johnson,mnguyen@hotmail.com,+1-456-789-0123,28
34,Tamara Wade,aguirrehector@cline.org,+1-567-890-1234,39
35,Timothy Moore,hayneskaren@hotmail.com,+1-678-901-2345,47
36,Scott Ochoa,christian41@hotmail.com,+1-789-012-3456,26
37,Jason Bright,bakercharles@hotmail.com,+1-890-123-4567,31
38,Jennifer Barrett,torresgeorge@yahoo.com,+1-901-234-5678,44
39,Karen Contreras,nicole70@yahoo.com,+1-012-345-6789,53
40,Gregory Manning,michael08@yahoo.com,+1-123-456-7890,29
41,Julian Sanchez,copelandvanessa@hotmail.com,+1-234-567-8901,38
42,Steven Zhang,copelandjustin@johnson-foster.com,+1-345-678-9012,27
43,Christopher Nichols,nelsondenise@dixon.com,+1-456-789-0123,41
44,Jennifer Foster,ryanluke@yahoo.com,+1-567-890-1234,36
45,Laura Reyes,mmccoy@glenn.com,+1-678-901-2345,50
46,Bethany Hinton,denisegray@gmail.com,+1-789-012-3456,25
47,Gary Brown,lovemark@davis.com,+1-890-123-4567,48
48,Thomas Ewing,sherry32@gmail.com,+1-901-234-5678,32
49,James Heath,barbara72@livingston.com,+1-012-345-6789,39
50,David Gordon,jaredrobertson@hotmail.com,+1-123-456-7890,28
51,Patricia Salazar,danielleedwards@hotmail.com,+1-234-567-8901,45
52,Jared Dawson,huertajames@stanley.com,+1-345-678-9012,31
53,Danielle Larsen,ggutierrez@yahoo.com,+1-456-789-0123,24
54,Deanna Rosario,jody24@lee.com,+1-567-890-1234,37
55,Brian Esparza,christopherprice@patel-hudson.info,+1-678-901-2345,40
56,Nicholas Davis,monicapollard@mullins-turner.com,+1-789-012-3456,26
57,Michael Ramos,collinsalexis@mcbride.biz,+1-890-123-4567,34
58,Kendra Velasquez,kimberly29@hotmail.com,+1-901-234-5678,29
59,Theresa Davis,charlotterogers@dean.com,+1-012-345-6789,47
60,Joe Sanders,joshualittle@hotmail.com,+1-123-456-7890,22
61,Lauren Schaefer,andrew61@gmail.com,+1-234-567-8901,33
62,Eric Rhodes,gloria20@gmail.com,+1-345-678-9012,28
63,Kenneth Collins,abbottkimberly@gmail.com,+1-456-789-0123,41
64,Emily Finley,chelseyperez@hotmail.com,+1-567-890-1234,30
65,Annette Fritz,melissa59@gmail.com,+1-678-901-2345,38
66,Connie Stewart,roachsharon@hotmail.com,+1-789-012-3456,25
67,Michael Williamson,matthewwright@yahoo.com,+1-890-123-4567,44
68,Joseph Hernandez,jamessarah@hotmail.com,+1-901-234-5678,36
69,Kenneth Mcdonald,douglasjo@allen.com,+1-012-345-6789,50
70,Christopher Goodman,martinezmichelle@gmail.com,+1-123-456-7890,27
71,Annette Myers,eddietorres@hotmail.com,+1-234-567-8901,39
72,Kurt Cox,emilywagner@gmail.com,+1-345-678-9012,31
73,Michelle Richards,christopherallen@poole-coffey.com,+1-456-789-0123,24
74,Ryan Weaver Jr.,xcollins@gmail.com,+1-567-890-1234,37
75,Zachary Scott,warren70@hotmail.com,+1-678-901-2345,40
76,Mary Taylor,lhoward@hotmail.com,+1-789-012-3456,26
77,Joshua Taylor,christopherfields@jones.net,+1-890-123-4567,34
78,Jennifer Clark,tommy43@yahoo.com,+1-901-234-5678,29
79,Gerald Anderson,renee15@yahoo.com,+1-012-345-6789,47
80,Carlos Anderson,romerojason@sutton.com,+1-123-456-7890,22
81,Stephen Mccullough,lguerrero@hotmail.com,+1-234-567-8901,33
82,Brian Bailey,andrew28@yahoo.com,+1-345-678-9012,28
83,William Jennings,jeffreysmith@richardson-perez.org,+1-456-789-0123,41
84,Julie Thompson,bellshawn@gmail.com,+1-567-890-1234,30
85,Thomas Grimes,vazquezlaurie@ruiz.com,+1-678-901-2345,38
86,Timothy Phillips,christine68@gmail.com,+1-789-012-3456,25
87,Taylor Evans,lmeyer@gonzalez.com,+1-890-123-4567,44
88,Keith Dillon,rollinstodd@hotmail.com,+1-901-234-5678,36
89,Jacob Taylor,operkins@gmail.com,+1-012-345-6789,50
90,Amanda Hughes,oweaver@gutierrez-dunlap.com,+1-123-456-7890,27
91,Michael Watson,michaelgregory@jackson.com,+1-234-567-8901,39
92,Rebecca Nelson,dominguezmary@yahoo.com,+1-345-678-9012,31
93,Savannah Martin,douglasphillips@yahoo.com,+1-456-789-0123,24
94,Timothy Miller,allenkatherine@gmail.com,+1-567-890-1234,37
95,Timothy Scott,hunter78@gmail.com,+1-678-901-2345,40
96,Samuel Kelley,lreilly@dawson.net,+1-789-012-3456,26
97,Kellie Rodriguez,brandon57@smith.com,+1-890-123-4567,34
98,Russell Jones,fmartinez@gmail.com,+1-901-234-5678,29
99,Briana Delgado,amandalamb@yahoo.com,+1-012-345-6789,47
100,Chelsea Daniels,sbest@gmail.com,+1-123-456-7890,22
